{"Cari_Oran": 1.0916864458208118, "Nakit_Oran": 0.0979623931608791, "K\u0131sa_Vadeli_Bor\u00e7_Oran\u0131": 0.31185853321193846, "Uzun_Vadeli_Bor\u00e7_Oran\u0131": 0.19035878486334568, "Yabanc\u0131_Kaynaklar\u0131n_\u00d6z_Kaynaklara_Oran\u0131": 1.0089087794967504, "Alacak_Devir_H\u0131z\u0131": 1.0624874400152913, "Alacak_Ortalama_Tahsil_S\u00fcresi": 524.7964639961559, "Aktif_Devir_H\u0131z\u0131": 0.1451438483367315, "D\u00f6nem_K\u00e2r\u0131/\u00d6z_Kaynaklar": 0.08187925856353516, "Stok_Devir_H\u0131z\u0131": 2.4026059605677013, "PD/DD": 3.2, "\u00d6zkaynak_Karl\u0131l\u0131\u011f\u0131": 52.02, "Varl\u0131k_Getirisi_%": 24.27, "\u00d6zkaynak_Karl\u0131l\u0131\u011f\u0131_%": 52.02, "Yatr\u0131lan_Sermayenin_Getirisi_%": 35.73, "Br\u00fct_Kar_Marj\u0131_%": 22.14, "Faaliyet_Kar_Marj\u0131_%": 18.27, "Fav\u00f6k_Marj\u0131_%": 22.54, "Net_Marj_%": 22.54, "Hisse_Ba\u015f\u0131_Kazan\u00e7": 1.63, "Fiyat_Kazan\u00e7_Oran\u0131": 6.93}