{"Cari_Oran": 1.4609536102707192, "Nakit_Oran": 0.2146019984856616, "Kısa_Vadeli_Borç_Oranı": 0.6650019229976004, "Uzun_Vadeli_Borç_Oranı": 0.010893659244460492, "Yabancı_Kaynakların_Öz_Kaynaklara_Oranı": 2.0854253913529215, "Alacak_Devir_Hızı": 1.2497118669226759, "Alacak_Ortalama_Tahsil_Süresi": 285.1907325121684, "Aktif_Devir_Hızı": 0.7285580505324576, "Dönem_Kârı/Öz_Kaynaklar": 0.051918579342013244, "Stok_Devir_Hızı": 2.992804328834555, "PD/DD": 5.8, "Özkaynak_Karlılığı": 13.94, "Varlık_Getirisi_%": 4.83, "Özkaynak_Karlılığı_%": 13.94, "Yatrılan_Sermayenin_Getirisi_%": 13.84, "Brüt_Kar_Marjı_%": 7.06, "Faaliyet_Kar_Marjı_%": 4.67, "Favök_Marjı_%": 4.75, "Net_Marj_%": 4.75, "Hisse_Başı_Kazanç": 0.46, "Fiyat_Kazanç_Oranı": 49.7}