{"Cari_Oran": 1.5260536254484927, "Nakit_Oran": 0.4616614925528867, "Kısa_Vadeli_Borç_Oranı": 0.5807831995819797, "Uzun_Vadeli_Borç_Oranı": 0.25628290393337577, "Yabancı_Kaynakların_Öz_Kaynaklara_Oranı": 5.137458328655652, "Alacak_Devir_Hızı": 0.5460325125234053, "Alacak_Ortalama_Tahsil_Süresi": 689.0412494572013, "Aktif_Devir_Hızı": 0.157420063954872, "Dönem_Kârı/Öz_Kaynaklar": 0.0675408219419033, "Stok_Devir_Hızı": 1.4826487869836322, "PD/DD": null, "Varlık_Getirisi_%": 8.57, "Özkaynak_Karlılığı_%": 39.61, "Yatrılan_Sermayenin_Getirisi_%": 20.29, "Brüt_Kar_Marjı_%": 18.56, "Faaliyet_Kar_Marjı_%": 9.89, "Favök_Marjı_%": 11.82, "Net_Marj_%": 7.44, "Hisse_Başı_Kazanç": 0.45, "Fiyat_Kazanç_Oranı": 183.9}