{"Cari_Oran": 1.0916864458208118, "Nakit_Oran": 0.0979623931608791, "Kısa_Vadeli_Borç_Oranı": 0.31185853321193846, "Uzun_Vadeli_Borç_Oranı": 0.19035878486334568, "Yabancı_Kaynakların_Öz_Kaynaklara_Oranı": 1.0089087794967504, "Alacak_Devir_Hızı": 1.0624874400152913, "Alacak_Ortalama_Tahsil_Süresi": 524.7964639961559, "Aktif_Devir_Hızı": 0.1451438483367315, "Dönem_Kârı/Öz_Kaynaklar": 0.08187925856353516, "Stok_Devir_Hızı": 2.4026059605677013}