,Share,Increase_Percentage
1,ACSEL,-20.487806271777004
2,ADEL,-5.560100435974647
3,ADESE,-19.33333333333333
4,AFYON,-28.690807799442894
5,AGESA,10.411980883446404
7,AHGAZ,-14.21875
8,AKENR,-18.26086956521739
9,AKMEN,NaN
10,AKBNK,1.291831985212454
12,AKCNS,-15.023480280745275
13,AKYHO,-12.38938053097344
14,AKFGY,-21.282051282051285
16,ATEKS,-15.310704087993443
17,AKSGY,-28.668941979522188
