,Share,Increase_Percentage
1,ACSEL,-20.487806271777004
2,ADEL,-5.560100435974647
3,ADESE,-19.33333333333333
4,AFYON,-28.690807799442894
5,AGESA,10.411980883446404
6,AGESA,10.411980883446404
7,AHGAZ,-14.21875
8,AKENR,-18.26086956521739
